rese√±a_id,id_videojuego,usuario_id,comentario,fecha_comentario,nro_logros,horas_jugadas
1,27,77,National increase tough break such. Day identify buy real.,2025-06-25,20,7
2,55,170,Worker plan often development article model marriage. Resource career consumer work civil.,2025-03-28,95,92
3,21,53,Expect executive candidate line control career. Media continue range.,2025-03-23,49,114
4,69,128,Now expect star someone pressure quite. Point direction last yeah.,2025-01-13,52,14
5,43,111,Last east contain partner read accept west. Brother drop option final health. While first herself smile.,2025-04-05,4,99
6,147,30,Brother everything both suddenly television teacher former. Identify big best event use hope. Record international note believe skin boy.,2025-01-21,68,168
7,125,101,Cover message church whom marriage thought enter. Pm girl bar believe. Try pick sister free.,2025-04-14,98,68
8,25,28,Suffer read bed phone exist word operation. Blue individual health next key worry stand. Total how agree person century prepare another.,2025-05-16,86,185
9,111,25,Line consider art four force tree reach. Last work budget radio.,2025-02-07,79,106
10,87,62,Then however position shoulder. Both heavy maintain recent production lead.,2025-01-01,16,22
11,50,141,Sit day one.,2025-03-07,45,141
12,67,180,Environmental course show store certain. Standard why relate general account. During property with nation care size treatment.,2025-02-03,68,59
13,124,134,As southern more talk scientist hold hotel. Car staff avoid part approach line. Dream wish opportunity skill way long.,2025-05-28,69,163
14,66,42,Phone many almost almost sell too such. Knowledge debate type. Public body man after first recently.,2025-05-10,12,187
15,144,71,Mention change idea democratic during anyone summer. Son space environment company network gas. Group bank culture financial majority. Improve PM her time east song.,2025-04-30,100,25
16,134,50,Prove myself tree yard raise. Today usually likely play result want prove. Specific nothing enough recently present light behavior for.,2025-01-30,26,158
17,93,166,Voice according including boy. Travel black create factor.,2025-02-26,1,123
18,38,77,Traditional market whole. Red help school create. Able west appear generation already east.,2025-02-03,13,112
19,42,186,Research church check debate. Join person interview low never.,2025-01-29,83,92
20,61,27,Alone house floor total of. Until alone become resource. Professor act argue everyone soon set. Note why would you leave everything.,2025-04-17,33,109
21,69,164,Government true experience million well. Religious five he try perhaps other. Debate bar fight fact true billion.,2025-05-18,41,160
22,42,77,Box resource call me fly blue worker. Report relationship city along sister others minute such. Direction section indicate.,2025-02-19,91,30
23,21,162,Partner news although job majority. Kitchen edge pass data day bad training lead. Lead treatment painting fish main purpose community.,2025-04-18,30,17
24,136,164,Six itself tree place put. Nothing there data father member every. Area wear deal series special eat reduce.,2025-03-01,58,126
25,4,134,Present skill first professor night agency occur. Memory want son why. Image contain say fast.,2025-03-10,100,165
26,148,13,Visit budget sell one. Work wind interest impact anything far read. Finally collection such dark than assume rest present.,2025-05-07,31,152
27,68,154,Student foot often ask my. Democratic girl long price. Walk need building through including how official.,2025-03-10,59,158
28,49,35,Nice someone economic rate around day. Police financial onto live know. Use certainly research health whom how move.,2025-03-29,67,24
29,5,41,Seat need father final everybody. Book determine at sound could article billion admit. Own half where organization individual into us.,2025-03-27,6,14
30,76,112,Itself seat opportunity leave wind. Hair toward almost wall once member.,2025-03-30,21,78
31,31,58,Stock million green. Section realize itself improve reflect. Marriage its yeah few.,2025-04-24,34,98
32,39,81,Mission head example ready.,2025-06-18,89,25
33,1,83,Kind religious out daughter. Section election popular future against space line window. Population security rule part social. Travel despite act up.,2025-06-24,57,97
34,90,145,Last song none sign everyone quality trouble. Where able join middle catch.,2025-04-12,28,141
35,97,42,Three hundred question significant. Car top station perhaps century listen. Fire offer need those area throughout. Republican result treatment reason later save red if.,2025-04-11,75,196
36,137,62,New age we wall continue yet often. True prove government soldier professional security. Process answer call improve.,2025-04-25,70,135
37,13,183,National discover impact heart. Person page night type chair take. Already different receive shoulder heavy process least difficult. Culture structure seek lawyer cover.,2025-04-22,13,48
38,2,24,Large break modern deep whom see. Stock high quickly price during radio authority. Relate whose father really fear central.,2025-06-01,53,95
39,76,118,Wide shake stand population hospital of. Enjoy receive soon theory range. Security hundred although box wish great company.,2025-01-01,85,52
40,36,179,Second whom around challenge energy year list travel. More set worker test fight speech event.,2025-05-31,94,106
41,145,149,Food measure as arrive not. Save recently operation say way line.,2025-05-12,94,62
42,74,63,Beautiful people type material do. Serve tell able beyond discuss significant. Feeling hope center language on while per remember. Somebody indeed according act discussion.,2025-05-17,50,103
43,5,117,Difficult knowledge fill say space article. Cover material five season. Conference they particular over enough try cell.,2025-04-29,70,41
44,120,71,You build color unit up admit. Offer doctor strong hear nearly.,2025-02-13,38,159
45,13,77,Box society positive character benefit yourself. Skill get might last clearly let suffer.,2025-05-09,29,9
46,62,145,Plant work create fire visit interview record speech. Across read represent property throughout treat red. Point last none. Military stuff project save.,2025-02-01,13,116
47,62,158,Measure protect how open box might usually. Sense mother mean force often model us.,2025-01-31,44,70
48,133,168,Agree break suddenly inside. Response century more reality however person economic.,2025-03-06,76,179
49,70,81,Hit particular study group detail. Apply study east feel quality realize since.,2025-05-11,76,111
50,53,172,Republican follow unit usually.,2025-01-20,75,97
51,136,94,Lawyer realize through remember. Nation day usually. Plan young computer.,2025-02-27,21,1
52,82,91,Notice store include statement this throw. Style who but product election. Wife line should present.,2025-01-16,1,9
53,128,80,What phone series standard deal. Live body develop majority.,2025-01-30,19,179
54,6,126,Leg keep series. About politics low standard garden travel will.,2025-02-22,15,176
55,32,108,Year her anything. Certainly country bag address.,2025-03-14,86,146
56,118,193,Campaign between guess per.,2025-03-17,45,120
57,52,102,Mrs old forward food. Control bill news attack price film memory. Conference hold need many they prevent.,2025-05-21,9,146
58,30,166,Describe investment ability author push. Over upon way two him like. Game check better doctor Congress son lawyer kid.,2025-05-11,51,40
59,55,50,My ability land body chance. Court attorney hear wall service civil girl. Evening experience doctor policy example success international.,2025-02-04,54,20
60,134,16,Exactly show loss off though ok there hear. Kid player bad final.,2025-06-27,48,80
61,19,95,Seem investment its describe. National often college body involve son. Military each recently produce that step stop.,2025-05-01,63,50
62,11,36,Nation reality exactly home.,2025-01-30,4,72
63,58,194,Rather physical star year sure real. Ten interesting image key stand be space. Time democratic but animal budget real.,2025-02-11,12,27
64,131,117,Republican themselves child statement. Figure card shake could. Early allow establish.,2025-01-30,67,149
65,9,89,Magazine morning not drop mother appear level. Prepare significant magazine. News significant tough build student high member.,2025-03-16,29,29
66,136,2,Support whom truth cut right message name knowledge. Miss part that question. Later loss serve natural his company.,2025-01-16,9,81
67,114,64,Guess live kid only. Maybe interesting few particular power. Matter paper statement develop agree head artist. Letter ten woman should goal loss professional especially.,2025-01-09,15,182
68,114,106,Current oil despite stock recognize allow major. Future trip economic Congress discover. Firm arm commercial enjoy.,2025-03-26,63,178
69,142,100,Like whom kind night that like. Relate probably structure best try.,2025-01-01,29,63
70,61,132,Certain manager thing question unit front fear. Guy according bad thing. Perhaps word sure forget bed.,2025-06-03,49,63
71,133,169,Truth within surface hold. Spring soldier important theory card. Seat such rather pay enough involve old director.,2025-03-12,27,137
72,32,68,Inside effort reason down manage happy senior. Best into third role against.,2025-06-11,65,1
73,2,14,Myself now nature political fear. Success bill relationship allow. Mission clear its thought might analysis. Prove mission stand amount.,2025-01-05,29,199
74,80,89,Condition animal today American. Leader show cell security parent federal listen.,2025-05-12,100,34
75,62,2,Thought campaign federal computer. Remember fill wish without. More region leave really serious.,2025-04-06,10,101
76,8,163,College moment movement pressure store couple. Material according degree goal land. Number expert away think picture kind radio.,2025-01-04,82,23
77,135,94,Reality check hard thought exist them. Baby phone eat watch born seek.,2025-02-18,96,102
78,114,90,There suddenly else would. Chair ground happy maintain.,2025-05-18,11,178
79,16,139,Well such study bed degree. Need population today win.,2025-04-29,31,171
80,122,111,Sea his work total. Seem manager employee religious.,2025-02-07,16,155
81,89,89,Democratic affect after natural contain democratic wide film. Nation meet cultural he.,2025-01-20,66,27
82,27,196,War out hundred nearly fund pattern word. Phone special happy economy brother must thing meeting. Situation religious seat live although be per.,2025-05-03,24,116
83,18,163,He myself raise skin treat should. Song kid alone their.,2025-05-09,67,73
84,67,14,Soon control actually skill player teacher end. They friend total woman measure hot always. Continue girl almost minute concern star.,2025-04-16,40,52
85,142,48,Explain message site these drop assume gun. Expert operation just technology single simple authority Congress. Charge let game current body consumer. Partner performance statement poor too case.,2025-03-12,57,43
86,82,159,Nor audience dark sound place try. Age change service conference charge artist draw.,2025-06-01,97,75
87,48,27,South guy specific build. Provide foreign our long. Final agreement loss quality.,2025-05-15,16,143
88,85,177,Congress war market order future later begin here. Ok memory know reflect really rather buy year.,2025-06-22,90,20
89,74,107,Detail admit there write. Go significant move rather summer especially.,2025-02-25,4,24
90,78,58,Only various expect phone protect listen daughter. Them surface various news three sure theory. Film newspaper under already building.,2025-03-10,24,134
91,129,29,Woman especially experience marriage. Evening executive ahead area.,2025-06-15,49,45
92,8,81,Plant since protect successful my fall together. Somebody them yeah send. Issue fall beyond together over international.,2025-01-01,55,22
93,74,29,Inside under start set arrive whatever eat. Employee throw trouble seek benefit.,2025-02-17,79,120
94,109,193,Never customer director large feeling out serious physical. Process war air reach green foreign.,2025-03-03,13,109
95,14,170,Buy very trade plant style have source. Point than prove industry born next capital.,2025-06-08,10,175
96,98,143,Investment yard before this reduce evening a.,2025-01-30,38,123
97,77,26,Free stay among director enter resource. Set throw church. Republican evidence action less chance central.,2025-03-09,46,47
98,17,75,Together today discover price. Sell home area property two.,2025-01-17,24,166
99,109,28,Condition look say. Garden test heavy politics. Board say talk tax mind event.,2025-01-08,32,72
100,1,38,Everyone describe industry across. Current three often employee walk through.,2025-05-28,74,79
101,64,78,Oil model need hour loss. Project somebody wonder eat old. Term ball agreement whose study property because.,2025-02-21,84,126
102,6,93,Talk way ago. Condition statement cup most glass amount often international. Size operation finish religious. Energy church discussion partner.,2025-03-14,28,149
103,55,196,All do coach tough. Include today present still our use over. Chance when rather pressure data general. Administration in be party own reduce.,2025-06-09,71,110
104,133,140,Leader near trade television you. Whom factor really dog investment. Single those every.,2025-06-26,11,163
105,44,91,Window far reduce move experience eight example wrong. Though foreign score. Quickly tend important since analysis least gun.,2025-01-16,90,88
106,101,54,Over work brother environment subject kind glass. Wall according majority financial. Arm sport candidate stage take southern third. Probably others dark life interest know interview.,2025-05-21,86,127
107,108,175,Change public build middle finish father head. Air media find term lead including see.,2025-06-02,82,91
108,140,189,Age per seven back magazine I for. Far four ago those write argue if per. Other rate wrong hotel model.,2025-06-07,55,136
109,61,48,Assume politics off money development save better almost. Artist food tell set drug political road. Sell character treatment religious result tell.,2025-03-02,5,16
110,26,45,Social move big pattern. Throughout cut seek season.,2025-02-12,1,3
111,108,139,Across color their eye partner large hotel. Increase much couple mind.,2025-04-16,100,113
112,17,94,Base prepare thus around clear. Possible success close staff.,2025-05-05,75,138
113,33,168,Try tough dinner movie cold prepare girl. Think leg billion direction certainly several.,2025-01-24,70,71
114,107,84,Sport movie available show practice oil analysis. Study sound reality book sport. Position role modern bill room it.,2025-03-27,60,6
115,136,47,Research war force tough. Author blue three point staff past democratic.,2025-03-13,2,72
116,97,36,Power once guy smile Mr follow. Stop decision computer above likely meeting.,2025-06-04,41,169
117,69,92,Network fact key third accept. Major personal north job.,2025-06-06,8,142
118,37,168,Do growth key require. Gun else moment. Several decade interview suffer cut.,2025-01-10,23,159
119,10,185,Color necessary seek step defense live staff. Site dog series approach most. Especially treat top land.,2025-01-21,61,111
120,34,164,None safe leader whether. Hot care minute tree.,2025-04-24,39,113
121,52,77,Remember focus hard beyond. Film government goal.,2025-05-06,31,61
122,132,78,Then chance site sort bag bit throughout thought. Down measure machine term most.,2025-02-02,29,136
123,3,34,Language movement television capital.,2025-04-14,72,95
124,27,103,Former manager north real pick up western side. Happy story player hair court parent point. Pm attention expect. Hot doctor share oil relate someone.,2025-03-05,81,63
125,6,100,Part evidence situation. Left anyone by evening assume sound society. Find strategy pressure risk newspaper and final.,2025-04-26,78,171
126,135,104,Person development scientist job. Determine write laugh late anyone tough look.,2025-02-20,49,31
127,44,4,Per ago not man nor. Exist research ground what here decade.,2025-03-26,24,78
128,122,141,But season rest kid business rest late. Police four mother history hair couple mind collection.,2025-02-09,66,149
129,10,139,Develop chair relate example. Second service value statement strategy second. Rock these record reason mission attention happen.,2025-03-09,49,131
130,93,138,Pretty edge subject only rate reduce thank author. Cut fall which state past human wide.,2025-04-19,5,188
131,139,163,Race great provide old land guy eye. Other improve little.,2025-01-24,9,98
132,46,1,Per save miss vote suggest speak lose. Program structure bar design. Resource director game deal continue media and. Determine leave important something certain bad.,2025-04-13,75,97
133,22,168,May piece simple. Direction commercial clear exactly soldier.,2025-04-03,26,158
134,85,142,Low wish bit first born also. Soon house capital board.,2025-04-06,69,176
135,44,43,Current position could late him. Part hot minute my million sign physical. Vote certain blue onto.,2025-06-12,9,183
136,57,117,Reduce hour lawyer high memory attention. Lead task base maintain measure Democrat serious. Friend other blue oil data nature.,2025-01-20,58,88
137,70,171,Material of season economic her provide she. Rock their young seat.,2025-02-05,78,65
138,142,127,Voice else learn whole market win process. Party first born charge ok help allow.,2025-02-20,8,156
139,9,12,Play stand that. Never much attorney respond develop a.,2025-04-24,36,172
140,77,54,Common minute girl notice smile parent. Statement language save seven daughter have. High idea student yard avoid part.,2025-05-18,46,95
141,9,70,Store hair indeed strategy. Speech economy age bit car. Suggest indicate up crime onto.,2025-02-20,42,168
142,97,187,Ability address assume send. Perhaps maybe court better. Personal old picture general Republican work remember expect.,2025-05-04,59,27
143,21,155,Blue large writer. Statement put chance everyone never realize why. Early once then fact apply.,2025-06-12,62,179
144,113,85,When surface child behavior week avoid instead. Gun piece range scene lose total game. War against reality oil future think often civil. Sport seat can oil bit performance whose.,2025-05-22,58,6
145,131,60,Those we foreign different. Note article enjoy cost decide require try.,2025-01-08,14,105
146,12,127,Environmental forget operation. Dream general former month. Read Mrs public short.,2025-05-23,1,168
147,65,70,Appear likely civil despite network treat think. Stock increase live keep parent themselves treatment.,2025-03-21,23,178
148,37,100,Five time also free. Option least these firm often. Star road reality yourself raise through safe.,2025-01-06,16,24
149,22,23,Ok character door point as. Include official make. What traditional health hope century thank decision me.,2025-02-01,95,103
150,129,105,When nothing perhaps member discussion. Them minute page this beat your candidate. Card likely ago science service nature.,2025-03-22,43,104
151,138,129,Serve soon answer reflect professional. Mission heavy full reality.,2025-03-13,43,107
152,94,8,Human song most exactly skill name never. Crime good matter treatment cost.,2025-05-01,82,86
153,101,34,Marriage agent establish peace beyond. Conference of want exactly story choice across wide. Example entire language develop.,2025-05-24,64,102
154,45,55,Newspaper white yes total. Reach message against space war different middle.,2025-06-16,21,49
155,150,93,Involve author traditional image result. Recently success civil long our story.,2025-02-07,54,175
156,39,158,Effort return science control north response. My federal loss position us way sit option. Rate head water.,2025-01-27,7,191
157,138,15,Behavior year condition reach send treatment white. Ready minute boy too maintain laugh become. Effect security particular major.,2025-05-19,92,161
158,53,199,Develop start pay big food. Certainly start its until.,2025-03-04,47,38
159,105,157,Fall issue many including. Manager believe enough in its ago. Research window day.,2025-01-23,86,13
160,131,132,Positive today believe keep describe. Mother show here surface country market. Only cold system week sing me.,2025-05-24,27,67
161,55,51,Indeed sister hot organization. Ability either speech wind. Else fly sister good difficult. General rock doctor decade three.,2025-01-12,13,106
162,16,18,Rich line crime anything morning painting recently. Get one news hard box already heavy system.,2025-05-28,95,12
163,123,184,Official student cut know price check. Teach three six type. Each under compare large.,2025-06-21,72,44
164,141,55,Why money away price growth write article.,2025-06-07,9,192
165,121,132,Travel opportunity seat television.,2025-01-20,62,61
166,31,179,Statement military kind exist camera happen. Do account professional together.,2025-01-09,73,175
167,35,30,All worry assume threat design statement ball. Relate describe one land debate candidate town. Often want forget test small security.,2025-06-11,23,106
168,70,142,Chair southern real his. Spring material attorney result itself relationship religious. Special Mr special.,2025-05-17,30,130
169,30,184,Old section nothing. Letter field role seven.,2025-01-20,21,159
170,150,133,Former myself safe certain. Marriage base seven north man. Money issue important especially campaign food specific.,2025-03-08,27,55
171,12,48,Build director another light spring remember book.,2025-05-31,81,104
172,43,116,Meeting thing ahead item analysis. Cause network work prevent possible and enter assume. Loss after standard security like require major.,2025-01-28,32,167
173,31,67,Black truth none protect. Subject family would head phone grow now.,2025-01-05,21,188
174,39,121,Must wind feeling maintain movement. Stock main last ready American doctor gas. Truth budget section here new back process.,2025-04-09,27,146
175,108,192,Other question this explain mind performance information management. Picture common old relate drug.,2025-06-23,4,92
176,30,76,Beat actually truth physical leg will ago. Firm focus along always rate middle. Capital window which give bed interesting fact.,2025-03-31,90,117
177,66,123,Religious take friend share want. Task yard me contain present food. Million pass Mrs speak.,2025-06-11,67,140
178,24,5,Stop base finish technology. Lot threat understand back political. Example sister off eye experience protect.,2025-03-07,33,32
179,35,89,Any even environmental citizen expert value back. New million down citizen social second actually little. Matter do market poor area nation bag president.,2025-01-27,48,169
180,11,42,Reduce American source finish. Data heart be. Magazine adult then collection every still how report.,2025-05-08,40,109
181,93,136,Discover within official military. By Mr lot news fund rock relate. Modern popular actually his mean size.,2025-02-19,4,135
182,23,78,Major director play computer bank discussion the position. Yard economic media these.,2025-06-04,72,13
183,132,25,Soon animal such use buy safe movement story.,2025-03-06,75,61
184,91,41,Somebody focus model girl question unit. Total room decision last might around. Billion company senior family with. Reason federal he result expert.,2025-02-05,52,69
185,54,145,Small yes after teach allow.,2025-04-18,25,163
186,127,191,Bar small production land. Dark pressure standard prove kind security.,2025-06-24,87,58
187,52,186,Spring though special fight. Piece development they former sure age stand.,2025-01-17,37,123
188,127,71,Everybody ball Democrat drive. Experience less real color environment learn home. Deep cultural approach instead.,2025-03-28,43,155
189,102,104,Sort best lawyer glass. Now professional more nation support yourself. Down job reflect impact could long detail something.,2025-04-27,56,144
190,18,175,Coach son of program medical build. Employee evening side sea door remember. Official girl middle candidate these him. Single west free media certain involve resource.,2025-03-02,43,27
191,79,184,Turn strong tend guess he college fear grow. Report close former garden. Deal everyone report generation attorney ahead. Explain medical foreign.,2025-01-30,4,30
192,46,163,Minute someone whole country. Time wife race TV class where pretty. Southern plant technology order example ball.,2025-03-09,58,164
193,22,115,Report forget war themselves seven. Report detail head human.,2025-01-26,46,140
194,110,195,Blood vote less professional. Country agent name consumer difficult ago.,2025-03-17,92,74
195,71,144,Cover thank write performance edge keep. A impact sing to technology old water another.,2025-03-24,39,108
196,75,90,Enough civil after. Administration dark determine else stand type lay. Local worker that would.,2025-05-07,64,175
197,106,12,Someone cover trouble real meet sort. Pass together would tell attention challenge hot.,2025-01-23,1,51
198,80,138,Forget practice model final cost. None remember total current another forget lose.,2025-02-08,65,10
199,138,2,Picture idea meet military hundred. Particularly capital pull. Wall race identify window or cause forget.,2025-01-11,61,38
200,2,84,Street into general my realize. Toward road store technology sure who. Box person tonight large.,2025-01-12,44,128
201,59,183,Tough follow their painting education less. Little music job find lot modern. Day help page.,2025-01-11,80,16
202,135,131,Score professional picture walk difference arrive. Language idea far usually.,2025-03-22,56,21
203,85,55,Movie little its event even federal small military. Station one would matter would. Five travel single risk wife compare often.,2025-02-13,22,46
204,105,185,Once letter alone name.,2025-05-27,96,155
205,147,53,Position all manage itself statement history thank. Image democratic often along sea others. Effect hard can surface particularly east. Degree response better left require attention ok.,2025-06-04,13,17
206,105,148,Character nature professor various recent. Those owner green safe here medical woman.,2025-02-19,22,134
207,7,82,Job child back question. Score suffer wrong idea quality enjoy race.,2025-05-24,10,182
208,95,63,Picture author fine meeting power. Visit loss now from movement.,2025-05-09,71,141
209,46,71,Leg letter time rise. Stuff me alone whether stuff position. Outside hair strategy probably such field.,2025-02-09,9,33
210,66,102,Forward reality already current. Tell tell be page entire it mean.,2025-04-17,99,193
211,66,149,Not religious Mrs contain chance always. Could remain decide live.,2025-04-09,58,46
212,21,186,Out almost capital enough Mrs another although.,2025-01-21,100,118
213,82,174,Even I let why necessary politics. Door cultural avoid various seem morning much. Apply bank expect want rest.,2025-03-16,46,125
214,78,113,Interview modern go little. Pm activity ready.,2025-01-24,50,179
215,31,90,Ground put write realize. Discussion degree along become until different piece.,2025-04-26,9,79
216,55,54,Deal take address two. Perform after approach quality.,2025-05-15,39,17
217,140,99,Low by others mouth. Voice personal perhaps alone yet president standard push.,2025-03-05,9,194
218,103,72,Very clearly visit decide character card. Computer visit just choice weight region everything nearly. Evening enough unit cup bill low.,2025-02-12,30,130
219,94,99,Still activity necessary increase without student letter. Whom always financial suggest keep.,2025-01-28,70,49
220,45,39,Cold memory them between especially. Thought program result difference treatment. Pay theory industry.,2025-03-13,13,171
221,2,115,Senior knowledge cultural your none.,2025-05-09,49,85
222,13,100,Unit approach your lot follow rock training. Table with commercial agreement increase entire. Suffer evening mind be. Star team main quality with can product.,2025-06-21,24,6
223,14,127,Charge quickly few why crime trial concern. Fast third east drive college stuff. Statement throughout understand else keep family.,2025-01-15,71,16
224,24,89,Truth talk front me product model it. Face area option young. Visit out sea market vote marriage.,2025-02-09,18,51
225,71,56,After bag product his election growth. Experience magazine huge notice war.,2025-02-04,40,155
226,30,172,Accept glass ever reflect. Many information no there. Energy where blue exactly their space.,2025-04-24,34,167
227,32,188,Find democratic hour audience. Believe protect little write. Usually half know find raise it.,2025-04-20,12,12
228,105,109,Understand then provide speak little then. Least lead hear require group seek. Either commercial realize.,2025-04-11,42,10
229,17,163,International understand middle even.,2025-05-13,99,116
230,88,34,Let especially kid. Show focus many leader child score. Include director just claim.,2025-06-15,7,170
231,97,25,Degree floor quickly system read dog media summer. Mrs newspaper yet manage music. Environmental reason walk throw measure group yet.,2025-02-25,15,116
232,48,198,Perhaps camera various offer know face. Ball born vote return nearly set.,2025-02-04,54,66
233,79,88,If action occur machine nature dog. We over with interesting region cup space point. Do add throughout. Should pick could weight.,2025-03-29,71,77
234,8,158,Choose student charge improve long very go. Right heart through.,2025-03-13,28,121
235,136,145,Prevent hand age power think. Opportunity radio performance. Mention same range dinner inside station.,2025-06-07,41,32
236,36,97,Suddenly health card artist record. Truth project health more list.,2025-05-30,51,13
237,47,140,Federal either election. Program middle knowledge drop let tree. Avoid movie ever modern least outside impact.,2025-01-08,77,112
238,83,140,Certain speak energy special. Adult third share training energy. Member case data bar evidence list.,2025-03-04,62,179
239,98,84,Support like will collection different store. Green left off picture travel place Mrs.,2025-02-08,28,162
240,137,7,Put under parent later. Gas either note good tonight.,2025-05-23,26,199
241,129,114,Development fall cost admit write. Pretty need determine choose man attention. Treatment end actually after. Material national blue their.,2025-06-06,32,32
242,125,6,Drop threat with myself read artist one not. Sell debate dream image task point.,2025-04-06,55,132
243,94,168,Artist capital practice role hospital north. Set voice interesting under let pass suggest.,2025-01-04,38,123
244,27,130,Join fall most miss. Worry wind week hour kid nor level office. Receive no knowledge population account.,2025-06-21,57,8
245,28,15,Letter account less. Whom food record off. We century difference worry yet decide.,2025-03-01,3,143
246,139,175,Daughter sort better into charge. Ball bring would scientist tend north Mr.,2025-06-08,68,200
247,149,150,Skin see take both. Seem sport four common.,2025-01-24,6,25
248,109,129,Drive soldier think. Wrong stay miss fish certainly. Quality brother believe partner newspaper stuff far. Wall view give president view quality not.,2025-05-10,99,159
249,91,165,And social these ahead offer on. Him else apply audience resource five draw. Order feel thought country through understand.,2025-01-07,96,6
250,128,30,Race each land herself second to item top. Consumer while recent.,2025-06-08,62,115
251,96,82,Production official smile low. Hard concern possible it.,2025-02-20,83,93
252,63,131,Throw protect table true. Smile citizen even. Build ago together increase.,2025-04-03,6,183
253,20,81,Deal election surface member language total hard recently. Hope gun they together oil.,2025-01-25,30,147
254,46,67,All especially though world among statement. Film road local need.,2025-05-03,58,14
255,4,39,Ok realize black fast. Relationship long these car great. Raise product full clear.,2025-05-05,24,117
256,21,135,Onto science fund put management. Head third thing unit there open realize fight. If cup case a grow.,2025-04-06,77,112
257,81,168,Sometimes local account the newspaper yourself. Upon level community stand decision to student door.,2025-01-29,12,119
258,118,75,Let myself option stay despite adult. Great recognize development Democrat. International success scientist support even wonder quite.,2025-01-06,4,194
259,31,55,Participant world small purpose. Recently Mrs unit according. Character fund type reveal everything best same cell.,2025-03-24,31,130
260,112,104,Want hot when look poor. Yes despite garden return later box human.,2025-01-21,51,129
261,42,24,Table necessary whole example special. Wide maybe network wish himself dog. Station baby page pressure field collection.,2025-04-10,31,183
262,15,129,Single than marriage space simply. Necessary receive rock run. Official end officer wife recently range out.,2025-05-31,80,42
263,110,41,Herself total fire agree just soldier. Today product plan traditional today hot person. Evidence wall trip avoid.,2025-04-12,89,58
264,114,126,Administration fish network focus compare blue behavior. See response score answer kind here soldier professional. Couple test fish state whom later and.,2025-04-20,82,42
265,55,4,Fish really education project. Everybody second while happy.,2025-01-03,4,102
266,55,160,Until seek perform. Already yourself might situation senior both fall long. Whatever low not four mother.,2025-02-20,57,7
267,29,115,Start amount sell know window anyone each describe. She Republican democratic miss gas hard. Sign everything year look.,2025-04-11,69,105
268,91,2,Course because which next investment. Tough best claim necessary.,2025-06-26,52,185
269,136,82,However sport include budget town two card bank. List only concern official condition remain yet nation. Ago finish mean avoid.,2025-04-17,83,122
270,109,58,Can foreign material around audience morning. Provide last local step authority. Or each experience follow fill.,2025-03-22,91,81
271,58,123,Plan different beautiful discuss speech indicate. Value always spend light explain billion some person. Including clear rock.,2025-05-08,66,149
272,89,5,Financial clearly audience maybe human. Speak require lay response order party every include. Thing however decide capital.,2025-03-01,7,84
273,140,193,Player girl chance gun to every participant. Mr race perhaps.,2025-05-27,40,185
274,86,138,Enter us one government without road why. Fall likely former.,2025-02-04,31,158
275,149,83,Painting enter back hope bring space return. Today guy senior already price maybe necessary. Senior among only.,2025-05-30,21,117
276,146,60,This standard happy open deal. If learn none now. Hot entire set sea home arm others.,2025-03-25,81,31
277,62,104,Whose speech how lead green. Idea case view another half. Church run word since parent quality.,2025-01-01,38,57
278,21,138,Soon subject buy generation. Attention guess bag keep ready evidence where.,2025-01-28,41,176
279,26,76,Dinner they Republican television player shoulder relate apply. Three outside our return term significant. Color travel left who.,2025-04-28,16,149
280,119,104,Political month family evening rule husband no. Enter role bill. Should suggest rate top.,2025-05-02,29,112
281,94,107,Though get sense coach reduce. Well through recognize bed sign.,2025-01-20,79,30
282,117,145,Fill office then case. Again course result major human. Avoid on even myself three next.,2025-02-01,23,87
283,2,147,Action two baby hit bring home. Future next yard little break. Decide head environmental PM effect international.,2025-06-18,19,177
284,121,85,Move size exactly find trial everything leg. Common task serve key table girl development. Condition whole arm scientist get. Education play short not since.,2025-02-15,27,183
285,12,38,Turn education issue so bed later up. Resource similar budget threat. Follow their call task.,2025-05-14,9,107
286,66,85,Major poor chair cost. Rich kind necessary suffer wind these.,2025-06-04,52,179
287,138,162,Cut whether season method choose effort official. Often term draw score.,2025-02-13,6,55
288,95,169,Executive same national age head memory value education. Attention daughter north when week. Range happen science plant address.,2025-01-27,29,62
289,65,113,Seat short ago certainly serious teacher well blood. Born minute admit environment machine job company sister.,2025-04-15,53,12
290,118,97,South able show bar specific paper likely. Language focus guy threat road as.,2025-01-02,73,87
291,150,92,Evidence tax machine worker party miss poor old.,2025-03-10,92,139
292,59,77,Good whose produce so child beyond security. Safe firm hard rich determine.,2025-01-17,66,107
293,119,113,Benefit financial any site after item mean several. Various popular general health western. Likely walk certainly itself later hope ever.,2025-04-07,95,196
294,120,31,Hit result wife. Again ball scene business shoulder quickly model.,2025-01-11,55,187
295,146,195,Improve community hit forget material career. International Mr hair news. Fine stage face plan director teacher.,2025-06-17,11,85
296,47,146,Article reveal lawyer health above fine. Discover a impact no use knowledge decade.,2025-04-28,50,150
297,94,57,Wife travel assume cultural. Relationship building tough former case suddenly.,2025-05-05,6,38
298,110,28,Else out perform study. Record set under your up national why.,2025-06-10,22,157
299,109,25,Save speak involve energy ok medical. Business trial water.,2025-02-16,95,121
300,87,36,Purpose person analysis seek. Billion mean employee. Last general miss. Sea building prove model.,2025-04-06,11,132
