id_videojuego,nombre,descripcion,fecha_creacion,precio,usuario_id
1,Videojuego Soldier,Firm instead dream surface.,2023-09-02,22.82,165
2,Videojuego Worry,Well religious those report reason country.,2022-04-05,12.11,56
3,Videojuego Authority,Stuff consumer any space what practice.,2021-05-18,41.17,27
4,Videojuego Stop,Nature another check group indeed feel should whose.,2024-02-18,19.9,97
5,Videojuego Single,Yard quality production cause.,2025-02-03,28.08,39
6,Videojuego Professional,First air thousand certain group professor.,2021-07-14,15.24,153
7,Videojuego Seem,Guy answer recognize their window.,2022-06-16,59.15,38
8,Videojuego Admit,Live down daughter trip white treat cup.,2023-08-28,38.2,164
9,Videojuego Account,Reason sure act pay general.,2023-12-28,44.0,134
10,Videojuego Bar,Turn time certainly lay you provide.,2023-03-03,34.77,83
11,Videojuego Add,Age letter religious week money purpose.,2023-09-19,51.68,128
12,Videojuego Bit,Camera live note fight hit thank.,2025-01-05,41.75,52
13,Videojuego Almost,Describe coach concern worker laugh action short.,2024-10-28,37.14,57
14,Videojuego Many,Home stuff seem spend full particular present.,2021-05-04,10.49,181
15,Videojuego Soon,Offer present pretty language.,2024-07-29,58.13,82
16,Videojuego Example,Different some another run wall force.,2024-08-17,50.91,10
17,Videojuego Eat,Onto movement we window single there reality size.,2025-01-12,36.26,66
18,Videojuego Not,Join TV trouble you.,2022-09-04,40.13,40
19,Videojuego Identify,Artist usually start chance southern.,2023-12-29,52.12,150
20,Videojuego System,Majority bit instead smile happen successful human.,2023-12-30,24.72,181
21,Videojuego Remain,According understand happen begin actually.,2024-01-21,50.35,17
22,Videojuego Democrat,Interesting eat practice throw receive project five admit.,2023-01-11,50.0,133
23,Videojuego Bad,Few beat civil office similar.,2024-03-11,53.44,11
24,Videojuego Public,Fall spring choose power management sell.,2024-08-17,13.32,34
25,Videojuego Put,At film kitchen environment method myself cell summer.,2023-05-24,12.03,4
26,Videojuego Focus,Continue food whom fast.,2024-05-01,47.94,115
27,Videojuego Meet,Concern law enough information which join.,2021-01-07,26.53,42
28,Videojuego Guess,Gas any manager political keep attack behavior.,2025-01-16,50.03,168
29,Videojuego Federal,Perhaps such those position wrong.,2023-06-11,33.04,96
30,Videojuego Respond,Wind include allow must point great tonight.,2024-06-30,35.25,136
31,Videojuego You,Partner determine response wide method movie painting.,2022-05-06,35.12,147
32,Videojuego Reveal,Measure brother approach five.,2020-12-05,14.53,133
33,Videojuego Live,Meet adult prepare son.,2023-12-14,47.89,20
34,Videojuego Enough,Evening same trouble development class understand cut.,2024-09-01,47.35,194
35,Videojuego Sister,Word year establish generation TV.,2023-04-08,20.31,138
36,Videojuego Church,Small create day party.,2022-04-09,55.06,107
37,Videojuego They,Term main feeling bag season short.,2023-02-11,51.28,124
38,Videojuego Discover,Approach beautiful late.,2023-02-23,52.27,100
39,Videojuego Mind,Every quality he under body phone.,2023-11-02,40.37,60
40,Videojuego Hope,Movement similar certainly little.,2025-06-25,52.57,6
41,Videojuego Up,Money something move race special away.,2021-04-16,42.85,1
42,Videojuego Even,Reality population pressure.,2023-07-10,47.04,78
43,Videojuego Should,Next week scientist recognize so relationship.,2024-06-29,35.34,66
44,Videojuego Ago,Myself improve include interesting need.,2022-07-28,26.63,127
45,Videojuego Book,Team front mother possible.,2024-09-09,52.99,78
46,Videojuego Main,Piece time on expert.,2025-02-04,48.62,99
47,Videojuego Manager,Better those ability serve least mother.,2020-12-05,50.5,16
48,Videojuego At,Congress step you thought PM charge or.,2022-07-18,18.19,33
49,Videojuego Woman,Rather claim also space good from glass.,2021-06-14,21.95,187
50,Videojuego Think,So magazine worker official thousand whose.,2024-06-22,51.5,15
51,Videojuego Floor,Game look probably.,2025-04-07,57.09,124
52,Videojuego Serve,Term tree pass he training.,2025-06-24,30.89,126
53,Videojuego Source,Social production consider state.,2022-05-27,54.5,155
54,Videojuego Hundred,Phone success Mrs add type note.,2024-04-16,45.86,173
55,Videojuego Democratic,Indicate scientist offer issue long civil anything.,2022-02-16,44.93,91
56,Videojuego And,Suggest city clear deep scientist rather summer.,2022-02-07,30.56,157
57,Videojuego Newspaper,Claim civil inside.,2023-05-08,33.31,118
58,Videojuego Must,Push arrive body modern bit.,2025-04-10,12.35,121
59,Videojuego Year,Peace act very effort.,2024-05-22,48.91,6
60,Videojuego Partner,Tree certainly would family now partner focus.,2021-08-10,11.62,159
61,Videojuego Write,Coach upon project draw seat true listen.,2021-01-03,16.64,83
62,Videojuego Perform,Participant affect better answer.,2020-10-13,15.26,141
63,Videojuego Citizen,Treatment figure program after last.,2024-03-19,42.45,50
64,Videojuego Reduce,Debate ready avoid government interview pass adult.,2020-10-07,29.17,199
65,Videojuego Thus,Or like crime thank.,2024-10-11,48.87,29
66,Videojuego Account,Early use strategy seem first.,2024-10-20,54.06,157
67,Videojuego Factor,Water happen debate.,2022-02-06,45.04,158
68,Videojuego Four,Person black because.,2023-07-05,41.62,87
69,Videojuego Piece,Movement event current cost.,2024-05-03,42.52,175
70,Videojuego Low,Then onto sign nature realize.,2023-05-26,45.68,76
71,Videojuego These,Contain relate require item field deal wait rate.,2022-04-15,49.43,33
72,Videojuego Force,Site tend staff name material.,2022-09-25,57.92,100
73,Videojuego Seat,Base service stand measure.,2022-05-21,49.97,191
74,Videojuego Catch,Culture their perhaps bill gun name ability.,2025-05-09,53.63,175
75,Videojuego Poor,Tree remember recent type.,2025-01-03,59.17,32
76,Videojuego Off,Term turn unit difficult matter.,2020-12-01,35.95,49
77,Videojuego Stage,Wind radio less must cut style.,2020-09-26,11.91,101
78,Videojuego Gas,Several news through way top shoulder war.,2023-02-09,32.23,194
79,Videojuego Page,Condition professor little recognize deal face fight.,2022-12-19,19.52,92
80,Videojuego Account,Go program address agent life true another beat.,2022-09-05,49.48,20
81,Videojuego Foreign,Type start wonder space.,2020-10-15,57.82,11
82,Videojuego Stop,Walk four stop part agency stock window safe.,2023-12-07,34.31,7
83,Videojuego Figure,Ago green stock color couple apply ahead thought.,2025-02-13,57.24,171
84,Videojuego Different,Charge world reveal stand election.,2020-08-28,38.46,56
85,Videojuego Among,Concern laugh organization street stuff rock foreign pressure.,2024-10-05,21.48,199
86,Videojuego Same,Mention detail enough suddenly.,2025-05-26,50.97,161
87,Videojuego Finish,Effort red forward spend factor they magazine.,2021-02-24,48.97,179
88,Videojuego Key,Wish compare world quickly decade.,2023-08-28,36.19,130
89,Videojuego Rather,Kind kid peace sing decision my support.,2021-04-19,25.27,30
90,Videojuego Since,Pass finally onto black trip.,2020-10-06,17.28,145
91,Videojuego World,Quickly record doctor network.,2023-03-23,31.1,22
92,Videojuego Morning,Before far many thing.,2021-01-01,56.79,107
93,Videojuego For,Pretty well list per camera much woman.,2020-11-30,13.15,107
94,Videojuego Listen,Drive economic or question exist history whole.,2023-06-08,48.69,188
95,Videojuego Change,Himself can citizen also leave price box range.,2023-04-19,57.73,115
96,Videojuego Event,Candidate relationship already crime factor down learn weight.,2024-08-21,31.55,107
97,Videojuego Small,That figure bit data guy think.,2022-01-07,11.51,84
98,Videojuego Hotel,Discuss create policy service area her.,2022-12-16,46.13,21
99,Videojuego Impact,Base arm upon one start.,2022-06-07,27.63,32
100,Videojuego Visit,A rich open person explain product civil.,2024-08-19,27.96,8
101,Videojuego Yard,Wrong market though.,2025-03-19,27.27,46
102,Videojuego Unit,Question visit race build decision.,2022-05-16,10.5,60
103,Videojuego Class,Evidence local land cover.,2022-04-02,50.95,19
104,Videojuego Central,Long thousand mention several home yard give.,2023-02-08,39.83,37
105,Videojuego Maintain,Record heavy important decision.,2020-12-05,20.4,53
106,Videojuego Especially,Miss anyone loss ten include our company.,2020-08-16,42.95,188
107,Videojuego Picture,Throughout attention all forward against.,2023-01-15,56.91,32
108,Videojuego Throw,Bill imagine former day TV situation.,2021-11-22,47.4,76
109,Videojuego Trouble,Kitchen thing finish later would challenge notice same.,2022-11-24,28.46,7
110,Videojuego Local,Such carry field movement president game quickly use.,2023-05-07,56.64,60
111,Videojuego Special,Then manage born carry.,2022-09-03,52.96,48
112,Videojuego Factor,Sort dream glass raise.,2022-05-19,32.7,123
113,Videojuego Travel,Operation without method crime major.,2023-09-01,27.22,67
114,Videojuego Contain,Light data language his few dinner.,2024-11-19,16.51,54
115,Videojuego Should,Social perform run firm best character strong.,2024-09-14,28.11,122
116,Videojuego None,Arrive control section can.,2022-07-09,58.05,76
117,Videojuego Culture,Outside future simply finally small.,2025-04-20,56.86,142
118,Videojuego Government,Be player thought ready majority peace.,2023-03-15,41.8,48
119,Videojuego Perform,Size behind section rather check north.,2022-07-21,39.65,21
120,Videojuego Ago,Nice probably international fact.,2023-03-27,15.13,149
121,Videojuego Me,Shake dog recognize wish.,2024-01-06,25.39,97
122,Videojuego Story,Argue back although teacher story second.,2023-01-24,54.88,33
123,Videojuego Perhaps,Third over sometimes street pressure.,2023-03-28,50.22,81
124,Videojuego Want,Democrat deal pattern thing stage stage choice.,2022-09-28,35.42,61
125,Videojuego Skill,Such quickly fall third former watch.,2022-02-25,47.74,75
126,Videojuego Professional,Some third positive.,2021-09-23,28.62,170
127,Videojuego Forward,What discuss campaign financial.,2020-11-20,12.31,34
128,Videojuego Light,Much practice talk beat support down.,2024-05-21,40.06,101
129,Videojuego Provide,Natural force different stay again partner.,2021-09-21,13.9,19
130,Videojuego Discuss,Politics toward people tell them.,2021-12-26,16.6,77
131,Videojuego Child,Science understand wall.,2025-06-24,37.54,190
132,Videojuego Above,Once whether power court child.,2023-05-10,56.32,152
133,Videojuego Investment,Treatment bank operation fire some but for.,2021-02-17,31.11,164
134,Videojuego Anything,Fear already this blue well.,2022-12-01,27.73,64
135,Videojuego Congress,Prevent senior practice say behavior indeed marriage.,2024-11-20,32.24,95
136,Videojuego Long,Reason training several research water behind lose.,2022-04-03,41.85,136
137,Videojuego Up,Number beat mission sound employee international.,2023-11-01,12.89,105
138,Videojuego Run,Run yourself until.,2023-01-16,10.42,187
139,Videojuego Just,Fish relate window term management campaign produce decision.,2022-06-05,55.06,113
140,Videojuego Call,Million upon course far far such thus long.,2025-05-13,20.2,76
141,Videojuego Wait,Degree question above democratic scientist film.,2022-05-06,57.62,24
142,Videojuego Along,Itself impact fund can beautiful arrive usually.,2021-08-06,57.51,28
143,Videojuego Ready,Most book another chair.,2023-02-02,23.85,143
144,Videojuego Allow,Bill parent participant none southern close.,2025-05-14,40.28,40
145,Videojuego Left,That thing owner where treat.,2024-11-02,49.78,115
146,Videojuego Piece,Total black budget certain choose own.,2023-01-08,56.41,48
147,Videojuego Director,Employee last total type.,2022-10-16,48.38,111
148,Videojuego Usually,New too few know organization information industry customer.,2023-08-04,18.74,117
149,Videojuego Teach,Prepare none they team after quickly again imagine.,2022-03-16,27.02,134
150,Videojuego Serious,Forget board term too item.,2023-02-06,17.13,119
